sessionid,refunded,amount
36b3d6c6-d891-4f79-bf77-112315456492,False,72
d09f0909-f5a2-4538-bb97-b0fee49f9ca5,False,68
3e37c0dd-568e-445b-a050-b321783b54bd,False,105
4677ff96-a996-4182-9bd6-2bd4cfc2f94d,False,148
2d9de0e0-2c05-43d6-942e-314bb9cf5119,False,55
35ae0591-757b-486e-8231-c60cdcd871d4,False,80
4477a1fe-54cc-4461-8129-15a7310977f5,False,95
bc5d623f-721d-4d20-ac72-0bae0edc76b4,False,75
992aa691-bc4a-48ff-b666-31eff6d0d2d0,False,129
863ed32f-ffb8-4009-bc16-50d4edde614a,False,83
b063d81d-cffc-4ba5-b8d7-d19eb5f544ad,True,63
65551e2d-28f4-4371-9cf4-edbc0a6b8dc1,False,141
3e48f808-d4ee-4de4-9f5d-8fccc37f23f1,False,65
78d10a29-088a-4a16-80bf-68a0a32ea3a9,False,51
c254be33-cdee-4a63-b679-0b85a4a98cc5,False,74
81cf2fff-f352-423a-8589-dee1c5c307e0,False,117
5b99ae15-91ac-4c81-856f-c6f45968dce8,False,116
8b5dfdcd-19bf-4041-98ff-ba7d085ce284,False,63
2f6ad633-e2a7-4629-a448-18a623ad2137,True,58
0cda1c41-152d-4dd5-bc3f-211b694b9b7c,False,136
edd1c81d-d91a-4eaa-833c-6a8943149240,False,114
e5b5440f-bfae-4985-b607-306f929e3078,False,105
68342bcd-6b45-4e91-9365-5cf7318309ac,False,59
096eeff2-5ca8-4f3b-8b69-fcb4b1f6e681,False,138
d820acca-7ca8-4277-b97d-838e15440715,False,64
a973cbd6-b29c-4acd-83ed-940b263d0101,False,62
abe16a09-6442-426e-a2e7-96d55fa8ce73,False,85
d48ae669-fd2f-4d5f-965b-9fcf2112ff89,True,72
e16bcaad-abd5-45a5-a8fe-cdb1f04771c2,False,144
346abfa4-5693-4657-a40a-c1d10a053d11,False,124
53fbb72e-1d25-4205-aaee-d5346fdee9d6,False,59
f4972301-49e3-4c44-b437-cff530ec4db2,False,80
77024951-418d-4eda-807e-2246f60e7563,False,52
acdad330-f488-453b-ab38-37f4ade8ddf2,False,62
5b89c6c0-fcf2-49fc-a750-83ae0e02279d,False,112
00789be6-1e68-43e9-bf00-a6b5b9ad837c,False,107
eabf92b9-759c-47f5-853c-6fb99b338e8c,False,123
153afd75-226d-4b91-9c9c-fa24d4a1933a,False,137
a67f3297-2fcf-4a8b-90e5-3a5eb1e98d09,False,74
510684d5-a797-4092-8c1b-54bfb423138d,False,112
729b0ba6-7499-451b-becb-c6e2f0b50b82,False,85
a175404e-94c0-47b9-831d-bb925af3764b,False,107
eb81b943-292f-4427-8da6-20227dfcf16a,False,136
a7d95ad1-f5de-4989-aaf1-8105c8313a22,False,109
9b753c17-659e-415c-968f-b4eee4566861,False,90
9299f724-1c78-4607-a736-e52a13ed754b,False,68
85311123-2b68-41df-aacf-7525d71d23bd,False,94
a85de975-e9d8-4cd6-b822-941b691bed0b,False,59
2eee6c10-04fa-40d9-ab14-f9cf31332b2e,False,105
f6e32d06-9eae-46c8-aea4-50c8382b8810,False,103
0fb1cd84-f517-445d-a9d3-2acfb5348a8f,False,143
320dc7a8-b9c5-40d9-a243-056a18bb9f53,False,52
745f4136-d701-49cf-93a7-7a48292923b8,False,142
e1137030-5d36-4367-ba42-d80fb419be86,False,55
cfd8f508-3b3d-4bb3-82d5-db85fe124e4f,True,140
01560ace-bcc5-4a04-b038-18b246b688af,False,74
4e031eec-7578-4fa4-8147-d3e00ae8bc20,False,126
bcd61f83-20d8-4679-a7c4-4ca71ce75d97,False,58
b52397b5-0a7c-4903-8204-ef60b0116f1c,False,67
ff6b2b2c-a6ff-416d-b67a-3dad1f1f41a6,False,127
2540ff24-99d5-47ce-9dc9-9f643bc983cb,False,79
a86b0579-b3fa-48d8-81b0-c5d1820528a3,False,105
ea6cb073-c38b-4b30-b42a-7cdc10fc788f,False,119
4ec828e3-17cd-4635-b611-6c3a1e08d459,False,50
8758e403-dbd4-4b50-acd7-49084ced2574,False,107
2d0a36d4-55fa-41df-834d-f6968c81b947,True,137
84733083-0962-4fb0-a239-7c687054867c,False,59
2e1f2eec-1540-42f2-8c31-f60e50d8f92b,False,92
19358fad-2d0d-43c7-8998-5c57825e2f95,False,115
f61d99c4-2b96-4108-a331-492a2840781e,False,51
e8b20194-1ea3-46f7-9e71-faedb99a6c47,False,104
c6a8a89a-6211-4a48-b6af-c52c60be4ed4,False,137
184bd937-f6cd-44ce-a6d3-d013b53dea9a,False,79
80719d51-91aa-4dea-87ca-1b8b4cb6a52b,False,81
632675d7-c006-4e3f-87fd-3b4b30736cc4,False,76
040700ab-944d-4f0b-b918-90ba68563172,False,116
5ad6d33c-ea5d-4030-8ad5-cdebc31e8b28,False,115
d720a473-d603-4e32-a6c6-dff2525ab86d,False,118
023e6c23-a432-4260-8a40-b44f90e05836,False,128
f4f2a084-9d91-4490-8aeb-693fb1e371cd,False,97
b4b6032b-a17e-4ecf-9ddc-1ffecc3e843d,False,79
4dc91737-2641-4da7-867d-e7ece166a3b9,False,104
f836b03f-c157-4dde-b70a-a428c9720879,False,96
e380e4ee-a591-415c-bc29-42829c98b53f,False,142
57d1e1f0-6770-4b0c-967c-a987e762e7f1,False,55
f7d5b1dd-e4c1-4369-83a6-dce9a90edc00,False,101
cb5ed1d1-5840-4b02-aa37-ababe2c9d506,False,105
e4a1ee9e-46fb-4a01-99c0-02200e711567,True,68
7ac6031f-6332-428b-996e-021070a8c966,False,83
3eea4ce9-2919-4e34-8df5-fc7048e886cd,False,53
f1cd2f9e-3207-4796-a752-a0a2125a6191,False,121
c2409b94-452a-480d-b38d-a179b795c8fe,False,101
42d49fd1-424c-4e7a-8617-168e9a6c9c97,False,104
71006319-b001-4010-8a16-b9dac4f93e64,False,108
37273dfb-f922-483a-b9fd-a33ab17a48b8,False,72
e07e10e3-0711-48d5-b4a7-015ebe9a7952,False,131
51a392cc-d533-41d0-828e-cfa1a40f6cbc,False,145
bf2a2fa2-30e4-469f-a3b6-e0354607e936,False,93
bfc036f3-bc08-40b9-bc44-d1e29661dd7a,False,98
ebc38384-567b-4f71-a339-aee556b41957,False,109
342ca4c6-aa07-490a-ba74-85be2d72b79d,False,109
26ce23cd-b2f7-4e59-ba82-34b0775b29cb,False,118
0e56519d-ec33-4834-9efc-36235f92efaa,False,132
60fb297f-1dd4-483b-bed1-b2ea8b952eac,False,90
511e9ad0-5307-4ae0-a4f1-a693da1c8a78,False,50
d001ab78-cba1-4708-8b72-a860580f65d2,False,106
443060f6-ec15-4372-bc0e-cffb67c2fc51,False,112
a5cbb01b-de82-4061-9124-ed1407644b1c,False,150
64c00c8b-54f6-43f5-b06b-5ad84c15484a,False,138
d8d6ac87-a5e3-4c02-a82b-4fc07315b7fd,False,135
a793354a-e5b5-43c1-9286-23e1d71fbaf9,False,91
7b706cb8-79fa-425c-af48-33c45a626971,False,89
5903879b-040e-4f1d-b688-d078b395cf9d,False,78
0ddd558b-1ced-4aa5-b046-486c207756f0,False,127
dda8a665-2dd8-43c2-a6a5-dea54aff4ada,False,84
a901abc9-a62b-4e30-885f-acb240b335ec,False,123
496c180a-f753-4de6-868e-0bc5271df0c4,False,116
d502d187-9fe4-45e3-a92e-54e748bcb17e,False,138
d5263469-7687-41a0-9522-c2b4f5c52dcf,False,130
8791f6c7-b2a5-4246-be8c-cc8666e18b97,False,63
3f1b67f5-ea92-416d-ba80-7da2e70d8ad7,False,70
56fc7c31-0c76-441c-9272-be6480639176,False,142
37f7b5cb-05ac-4ad0-af46-ece816db3ee2,False,90
e99dbe7a-3dcf-481e-af5a-7d49a30ddf41,False,119
c18979c8-d835-4b31-88dd-77709c92b58a,False,60
545a5783-ffc6-4b57-af4e-f087b61f0bbb,False,133
8be84937-3129-4910-84f6-0bfb41ee56aa,False,63
875903c6-aa4e-4df0-b04a-31c7ad1c3130,False,52
f03a36f6-dc1b-402d-a402-daa6c502a9b2,False,103
ef663d4a-3c8c-4cf6-96af-a9aca3a00554,False,74
84f05f8b-6b03-4b4a-8a44-b172b42f7862,False,60
3c012b59-50e1-4af7-8144-346989f754bb,False,134
0919188a-ffc6-4ca6-a083-5ca00336db55,False,77
8fac9ee0-8120-4f49-8d72-72f1650a9f0a,False,76
b4da0f42-e0fa-450a-94a6-d13b79d478f3,False,143
66c716b1-79aa-4a3f-89b9-d96b02a97b15,False,59
b766e884-9060-453b-8394-a7fac57ddcab,False,81
d11a5318-2a00-4d52-8b57-6dd8c0efca8e,False,113
0ca2ae42-9b3f-4670-b5f2-95bda7571fc6,False,99
4d850487-cae9-4df9-9386-11d0010d94ff,False,70
e21eefd5-4a7c-4d31-8bd1-32ff468adcd0,False,74
63654f12-0fb2-4e9e-bda2-49a1cf8015f9,False,52
27e349ae-1865-4fd7-8682-2bd56373861d,False,104
7d8f5e56-e691-4cb3-912f-ba94ca080961,False,74
ae5b4761-8609-47bd-8fe6-97678e9d0b80,False,113
7bc1b812-4eb5-432d-88c4-49e101423fcb,False,150
8fc3027e-fdb3-426a-ae56-d7b51435e667,True,133
30177c10-9031-4fa8-923f-8c82a16b323f,False,81
b2ace09e-7af0-494e-b87f-1d7f75cf2fbd,False,85
ae979b1e-7c90-472e-b632-f3ed0ae14017,False,146
7e2d69b2-b137-49a1-9630-042741f00efb,False,135
e022c301-535f-4ad6-bd8c-d38791f0da70,False,101
bec76a6b-434b-4fef-ab85-4710e2e629f6,False,128
f4fdbed3-a2b6-477f-b4e3-c377534bbcc2,False,65
69d4d481-6ba4-45fb-8dc1-32dc52062367,False,100
9d315d47-6c4c-4012-a04b-a1e7c9151cdf,False,126
dac06848-bc1f-460c-a388-8732f3cc6ede,False,84
cdcf2823-a7b9-4244-8deb-2b042b7124c6,False,97
2a76c3c2-f61c-4d57-829d-2c8b86a9e7ad,False,93
1383812c-1bdb-484b-a2d3-8ac9c646ad5d,False,69
7f4506be-92ea-4e0f-892d-3c17ff1cd438,False,71
5c5f6ddc-9adf-4a7d-bab1-064b53402771,False,102
da86a1ea-50f6-49bc-aee8-a68a08fdfb92,False,75
b3170d42-f4e5-4f49-bc6e-7c73a328e87a,False,135
1a8d985d-106c-4638-b3e6-4c963e7e02cf,False,147
fc30bdc8-74fa-4457-99fe-3c01d9d8bd79,False,85
e5c6e857-86b4-443d-8ba5-a299c6dfeddd,False,96
b0add3dc-288d-4534-a834-81b768b3a07d,False,56
33933c2f-de16-4892-839c-2a299c4e3e9c,False,83
952d0e44-8d71-42d2-8f8b-a48c032eb071,False,110
9e1279f8-20b5-4c93-9714-1857ff0aaf91,True,118
e4280ff9-8887-46a9-b0fa-3961f01be688,False,57
05c7be77-1781-47d0-a0e5-5c51b41031d7,False,134
1dac2a70-19a8-49e2-b069-c5d406f1c509,False,88
981f5bfe-a443-40b4-8804-4cbd88d297bf,False,78
b2595758-cf22-463d-aa2f-06933495fba5,True,80
9794ffd3-199b-4f19-8470-6e8db4bd0ac0,False,70
cf6283b7-f01e-4a8f-84b9-d0e1936365c1,False,118
cffbb5fb-5b9a-4220-a607-5c5fdc067baa,False,111
8ef193fd-0e9b-426b-b0c3-a727ecf0e8e1,True,80
08e72203-27ae-496b-932c-1ed9d9f389b0,False,79
fde41a83-b177-4a24-9d90-0834115d3716,False,145
bc40db8a-51ad-4e53-95ba-965026d58ff9,False,59
2a3d241b-73e0-4046-bad7-ffb6f22d0f45,False,127
8a6f29d9-3689-40b8-b5f3-0f5c1d937ddc,False,125
2abf90b9-e0b1-43ae-9148-8d24e02766b6,False,59
29f8f2f2-657e-42ca-8937-3fe3bc1f0991,False,117
8e38e286-ad0b-439e-96a8-25b6bbd0b200,False,80
50f7d162-b3a5-4179-ba48-09dede9d47a0,False,135
168f1907-fa68-4fba-b793-3bb13d64c6ad,False,106
053812e6-12cf-464f-a188-5607eba37260,False,135
27aa342c-8e8e-4fb7-a388-39a8063df0c2,False,79
d6e1a400-c08a-46f9-a6bd-45fe8d1ff417,False,62
775e98ba-5b2a-4b32-9dcd-369f5c0173fc,False,53
a2211f99-7f39-4b9d-9843-5f564f7529e9,False,53
07d04e88-e308-4efb-9ed1-8ffff47bc8e3,False,64
0c1431be-27a5-4599-baf1-4ea134f31183,False,95
05504c40-0bf4-4c80-85ec-a6f91d9f99b0,False,127
400a7b49-2c2b-459c-a34a-cda5eaac0f49,False,79
30390645-e7fb-46cd-90df-46fc5b5d463a,False,65
9dd73ad4-e6dd-4dba-8902-62f926557d98,False,87
cf19ae46-9d67-487a-b3fa-ebab712dc0a2,False,112
f62bd872-267c-4b25-86c4-88c0535fa147,False,147
620c3e45-f9d8-4d63-9c3b-15c3de86639b,False,146
184a7ff0-639f-4601-8961-206f8f618af4,False,108
8b05ac20-2050-41e9-9f27-c0cb3d77ee77,False,97
078406ca-7fbf-460c-916a-a31cbf13ccd4,False,70
096f8f1a-803f-45b1-bb28-560bf65c41e6,False,101
6602f3b3-16b0-49e3-9823-3825bcf25c68,False,73
33a57722-fc80-4704-ae57-803c1e9ff7da,False,99
c0379955-ebcc-4c50-9de6-b6c763c025c2,True,97
9f4bc079-c239-49e3-8f4e-2432a2ede13e,False,99
c132a5b8-f2af-4670-b160-de875f46a36b,False,64
7902bd4e-ab9f-472f-99e5-72b5bc08846b,False,139
66110e5e-0276-477f-b812-4dd0f271b407,False,58
d9855ceb-b743-46ca-86b7-0e70967b809a,False,76
8c3ecc09-4849-4fe6-8235-0d48431b7c53,False,104
4607160c-ffb7-4ffd-b659-0a44352e2eb2,False,126
80029be7-dc58-4b85-adbd-c3b1acb3934d,False,91
7be960c1-9646-498f-a336-e373225c0882,True,90
e451f874-f8e3-4dc6-bdd5-ce6b23b7f957,True,71
c0d9e05f-6946-4035-9a78-d0477d62f91d,False,128
6ade77c9-a479-4895-9984-ed389b2ee3b7,False,83
f694c1b6-dae8-421c-945d-97848bdc7239,False,86
ff7800fe-9ed6-4bce-b1df-b05d090e374f,False,71
7e963369-b5c6-4efc-a3ff-766bd8aa6b7b,True,59
beaf4e7f-0319-4ff8-8651-3c388b83225e,True,65
ddf75249-7bfb-4e54-b48c-2ab2240b9973,False,126
6598eac0-fefe-4af7-9752-10fa3161d75e,False,68
92d6941f-717e-418e-b277-c977fce87eb0,False,145
20b22d39-c8e7-460b-93a1-c3d72efbca68,False,110
0602a5b3-02d9-4961-be18-12b215c37a3a,False,100
d796075d-63f7-4888-94ba-748f021bffe1,False,58
771faa0c-dbb6-4372-80b8-9f8b7b40c546,False,74
d52b78dc-524f-4a8f-abe3-e826dae0f0e3,False,143
25859c21-7e3a-483a-aec6-807ecaa40041,False,141
f6fd084f-8018-48c6-b54f-f574e7a570c8,False,50
adceab4c-198f-4feb-a0cc-0520f0718695,False,72
5c503b1c-e737-4772-a935-aa7c76669e2e,False,54
3741dea8-f7e3-45a6-8028-5fda65791a4b,False,90
9ea61eea-56e5-40b0-aee0-1b5f99afbdf6,False,81
bfe8e1e0-3e4f-4b32-8f82-933eb5af45a3,True,127
807ca572-c94b-4fed-9f16-839019db2d2d,False,135
181e9c5a-39ba-48d9-adec-4d2423d4d71d,False,95
82352555-b127-4feb-8b30-b07ab0331c9a,False,133
0ee1a7d6-7dc9-4259-9b97-5331412876e1,False,130
b8eb3b18-8c1c-42c2-aa39-f7bbc2605a6a,False,52
85a0503c-099b-437e-a42c-0dc9a7d20d26,False,99
4b5d8146-971d-4fc7-beb8-5ce735b5b8ed,True,130
568f0a8b-0563-42cd-929f-a062d5515a2b,False,123
bf72ae72-376e-4158-ad1d-bc0259866b42,False,56
d4ae24dd-5adc-4c1d-91a2-c45f32440388,False,118
185be5da-6521-4156-a6f5-3afbde55832f,False,101
46716efb-2e58-48a3-ac6b-db9041ff869c,False,73
2aa71e75-3126-4286-bc9c-0eac28d92a8a,False,109
b4602a45-79aa-49fa-be79-4f936e053562,False,82
3cb74e31-1dd9-436f-a9a6-949795314ee1,False,54
187b6edd-98bf-4d36-9695-1c58d1e296d8,False,149
d7340249-4409-4c69-9c8c-6acfe6fea0b6,False,150
8607202d-465e-477e-8832-ec5da260a461,False,143
97b8c6d8-c185-4efe-99f7-58496d38d03d,False,141
61f17674-e860-4c9b-add2-467587e61898,False,67
7023d315-52f7-42b4-8717-36c0dffe590d,False,133
533947d9-8592-455e-9a15-496a1bd090fd,False,119
d5fc1cf7-8c7e-4d63-8487-f73dcc1c878d,False,149
dc0c2054-a281-48c7-b7bc-fbeb86361d1b,False,133
3bef744f-b057-490c-ad29-69e24ac91933,False,93
398e7ea1-ef1c-4d51-ad32-1c9f7c256c16,False,51
8580818b-f985-4d4e-8f69-9bc341d7e1a2,False,129
ff325a4e-60c4-414b-92ce-4c9fc052c7e4,False,147
70353d1b-0e14-4da5-a66a-4965fb29faf8,False,51
9c8b6694-6d26-4570-9e26-715c05d96073,False,100
d0390330-1f52-493d-beac-a6186a9602fe,False,134
9940833e-8d39-4a81-a467-21a162807360,False,79
fbef4e71-39f4-458e-88c4-3d4b80651fd6,False,66
5d30a8ea-0587-46d5-a2c4-59d86af6e751,True,113
1da345c8-d3b1-40bc-b9eb-a9fbf14d4bd3,False,75
c4790aba-9ef6-4cf5-8598-1341400d4c7b,False,83
a3417fa3-5708-4a9d-b159-d21a11720c7e,False,52
0b6ef50d-52eb-4ed4-af61-ddf1d1a09152,False,147
235dafa6-cd0d-49f0-a3d7-5915c2aef0b9,False,98
9a5af6e0-de68-49ca-9e3e-4854a6a46257,False,78
4c9e485d-edea-413d-878e-03a0edeff1e7,False,86
216305e0-3e82-4775-b5ff-d44648485ef6,False,88
da3434c0-74b7-4ee4-8754-3628fa00328e,False,81
50789ab1-1d03-4c91-925f-3f0ad7f8f250,False,50
fb4103ed-d0f4-4a30-84c1-1487a5b5df37,False,95
83c2af8e-3fec-46c8-8ae6-4f8534392855,False,71
ad6492f6-21e9-46fd-9308-c39026cedbc9,False,96
d06f8813-b27e-4923-b679-eb9a3074876c,False,111
5ab448e4-a598-400c-880f-06ed554663c7,True,105
ae28c637-8681-4f04-b729-4478d3d79663,False,53
2ad733a8-096f-4546-9ea5-ca8020be1714,False,103
41c91215-78d9-4a2f-8886-92f118073daf,False,125
5aa42417-6a71-4e8c-af43-05d07c7b632d,False,96
dd78dac9-43fa-4928-af02-ae7cfe6e96bd,False,131
e26b60f6-b19b-4999-bbb2-5c5f82ef0595,True,122
1c007dc7-11d6-469e-981a-d5a8fc5b87c5,False,124
c691353e-0165-4bfb-9900-daecfb38819d,True,54
55d5227b-168a-4bf3-872a-58480303ce36,False,80
964aace8-6ecc-4068-bd97-a41f1f7e9079,False,118
fd4195b8-8432-4dba-ad92-662c94db3f90,False,67
56adcca5-47f3-44da-8150-702e352e6204,False,103
e6780e5b-6318-4382-b9e6-473a7e650e26,False,114
3b117aeb-9d5d-4aee-8d57-540eb159fd7c,False,70
9b4719f8-28be-47dc-a4d9-c512deccd021,False,133
2206fa89-773a-4e07-aebe-450942238b76,False,60
b1b82cd9-024a-4b43-9be4-f2d8578c68d4,False,68
46375047-007e-4b73-a023-dde1d2fe2e8f,False,112
3e3fd3e8-8cdd-42c6-8bbe-a4d08cbfe713,False,75
9972420f-3b27-4d36-93ba-66afc525282d,False,121
664300ae-d724-4a35-bd34-95df1768048a,False,120
e22bf6d5-44b2-4050-8b17-9d5881d0b06a,False,141
d31cbc53-5b11-4fc7-837d-95dd2f974574,False,85
09bf78f7-9291-491b-ad28-3016194cc8df,False,53
25d5443c-484b-4562-b4b7-f11094234832,False,90
ffd76ccd-f6c4-4eb7-9f78-f6d620abebdf,False,133
0e747a35-2722-43cf-85f0-9400fa2f3cac,False,105
2ce8efc7-c93b-4692-9707-4594fcbfa14f,False,65
337f0d4e-9dac-4b45-b608-295c0d812327,False,50
434cd74d-424e-4afd-9c58-a5025c8c4de9,False,59
48b6fb5d-e27c-45b4-b8f2-982600ecf823,False,94
dd02642a-b5e2-4697-8ad1-1ecc9e6e7d81,False,132
d4132ea7-c4f4-4a48-9cdc-455bd480d088,False,77
eb6b8d6a-55b7-4ae2-bad1-4f2d3ddf8ba5,False,86
9e1b722e-bcf3-498b-a061-fdcaf4164b7e,False,52
f25a6f92-6d82-4f90-ade1-69e0983cc452,False,132
e75da7a0-c8bc-4723-b689-e299db945790,False,80
7ad1b988-1bd6-4e99-a739-1ed6ee9a72ef,False,122
51a4db38-e510-41f4-9b5a-e6f2b9b16cbe,False,94
737d3166-e99a-45e8-a097-f3249de65023,False,92
a2fed0ba-dd91-4493-9ddd-341a0efbbde7,False,91
c9649c9f-9764-49c9-a2b6-0ef254714d0f,False,92
0d4a20eb-139b-492c-a5c8-f244cdb6eb8c,False,93
c9ce0f73-89a5-43ab-bc96-5c5248d6921d,False,55
b2fe9090-b396-4818-ab09-6af14b7ba22a,False,53
8ce79f0e-faa4-47b5-a3e4-a8c15efd001b,False,105
16a65d62-e82a-4d9f-bab4-36c39cf360ec,False,56
30272960-9ee9-48a2-aa09-b6b130a80e17,False,106
3dc6ef3b-700e-424a-9915-2c00715fb21c,False,72
e3280cc2-54db-4229-8387-a1c9a81c8624,True,136
5f0b28b7-b673-4337-b6a5-7f46e9ad1796,False,53
9630dd17-c603-4a99-a1f0-5b8200d92b2a,False,77
c5454b95-844e-40fb-a3a3-a0ebcd8623e8,False,60
ed8ebaeb-fe47-422b-94ec-e35fa5c8bbdd,False,130
bb88be85-115b-4cb0-9a26-2460961ea0e6,False,68
f7f06aa9-87af-4970-a9ec-687a0a77627c,False,71
21460c20-c85c-4eaa-8806-f2e88816fe18,False,140
5ab60ae6-822a-4fc8-864a-f3b4424ba87e,False,93
2df66207-7a0f-4e55-8504-06ce039387ee,False,112
21088ae3-a089-472a-b5b0-a08111047eef,False,55
2d83b49f-53de-46dd-8f63-b69d05526b40,False,78
df25fc8c-f6ad-4aa9-94b8-980f4d0648c8,False,149
139900ee-62e9-463c-951b-7f890b474354,False,148
e43b8256-0e02-4f4f-98b7-98102029199d,False,55
221cd3d7-5eb0-4a0d-afae-5c2739434d5b,False,89
4dc0ad59-67c5-4705-93dc-c01cf37d023b,False,72
83065269-896c-4e3c-bc23-867d2a6180f2,False,73
20016990-1685-47b7-8f84-517ae63d5e50,False,103
b3ab4432-26e1-4c91-bd3e-47ba600fb7db,False,111
570438bc-b1fc-4486-b068-d6f1106db669,False,57
f84da041-bcaa-41bd-acc0-860c3f0802d6,False,120
71a7b852-4faa-4b84-ad1a-770138cb8bbb,False,110
a0c9b59a-b729-4dc5-82d4-f3b7de253692,False,84
f474d2ee-a4d1-497e-962a-e85a6fdbbe6c,False,126
f5e5f95d-f25e-4c7c-95dc-7264cdfe1cc5,False,116
f83438c0-a38a-4e9a-9888-542c5e87f8c1,False,114
ec67af2e-abd8-4dec-a0fa-b15e136806e8,False,93
c75f6f23-5ae2-4942-8512-c68864f32860,False,145
319fec6f-d920-4664-a6db-a881bb58dad6,False,61
31cf51be-a285-41ec-8dab-7c9d0fac4531,True,81
d35e070a-6365-4973-93e6-b704eaed8686,False,116
e2ce4a92-5cf8-4d1c-b0ec-7d199dc2a3e7,False,66
c2ef8a02-3e6b-432c-b6b2-bd816fcae54e,False,122
2e07d10e-4f33-48bf-8d94-a8ce499cb260,False,128
061ce8c4-8b8f-450c-8773-b84183202096,False,121
4a4f4794-5b87-4931-b9bc-39e01f615273,False,120
a0c8dfa1-d095-499d-b256-aba8920519ff,False,116
7c5740a6-9317-4a75-893c-a4936e0fe6e6,False,134
e30f66a7-6976-4e5a-a507-da2ca4b737cf,False,51
eaa6eeff-2a1f-4251-8965-fd6259d2910a,False,73
c741dc00-b15d-4d6a-99c5-f16e5e4d0d4d,False,109
97416e74-6ad2-477e-82f4-873824af2133,False,95
6adddaf5-6ceb-43bd-a293-5d3a43b79030,False,63
0eb1ae24-4287-45e5-8c30-a56eba2d2da1,False,129
7b08b2de-ddaa-4839-aa9d-bb317a53bcfc,False,80
31d9bcce-f8bb-4729-8e32-a568674f7b67,False,121
dd5b9b18-483b-4032-99b3-d584093b0d00,False,70
6a1924ba-b198-404a-9456-838673e2efd3,False,71
e98923af-47f7-40e3-b066-21fa52e78d56,False,116
128e3df2-90c6-4b79-8292-d2bdebd7008b,True,113
3c606e3a-4497-4567-8204-9e76fb0052dd,False,88
16b852ff-7412-4456-aae0-0f1806ca082d,False,93
d1d33e36-d313-40ce-818d-0b38972a8007,True,67
d20cf707-ecbb-480f-9e78-79d8c8063ed7,False,80
5230445d-724b-4128-8264-914bc2dbe117,False,53
ca2268c2-0529-43ff-acf6-732215f39618,False,64
bbf2adcc-be69-4bd2-a759-8ac56db7670a,False,110
e887d282-ba75-44a5-b8f8-2a983cd5f0f2,False,96
9115342f-c750-400c-862d-1b480fb78293,False,148
040572fe-06b0-4abb-a33f-c5d9a21e75fd,False,57
f7646611-64b4-4009-82cc-e99622478032,False,94
0b75276f-bf2d-46b1-bbdc-8522d6d27a8e,True,126
e7c09c1d-3ff0-48e5-9ed2-8146303e16b9,False,98
c77b110b-3295-4382-87bf-b3b8886426af,False,60
889e587d-6f4e-4fd4-bba3-99bfe8ac2c02,False,143
8762e4e3-f241-4182-b805-5b8ae101cf5f,False,148
7e1f141d-779e-4c08-a730-abd9902d57b9,False,118
ef75d9a0-f19d-461d-8101-567d998577b4,True,75
8a49b2a2-992a-4100-af7d-7723a40f69b2,False,104
6822164c-35b6-4a51-b7eb-8fb814c0e2ef,False,64
a6b3b668-263f-40d0-a577-0f6fc6f9d10d,True,106
7dad1e3f-b143-4b0b-a90a-1cb2b59412d5,False,58
67fa7f0c-0f1f-4856-9d6e-ce4e66b027bc,False,53
c7f21f68-7c1c-4d22-a510-366206a8263e,False,141
726c9f94-65fb-453b-b625-1a9fd0fb5e5f,False,145
2440ec10-676f-4425-ab2a-78831e904a09,False,58
76659b01-b950-45c3-a152-b146acad2bd1,False,61
c174be8f-9f6b-423a-bc24-c16087be021a,True,70
f71fca0d-88e1-4053-9a33-9bf414e713db,False,82
9e808664-72f6-4c6f-855c-15b8afe7478f,False,53
3b5b37d5-3d29-45fa-a722-d0d695d5c22a,False,78
d4af6a36-7ec0-4fae-bb35-16c392fa5e72,False,83
dca709a6-8f42-4446-a723-d91bd6f33403,False,77
f9171f62-6261-4906-bb67-7fce7de63192,False,147
9f9cb099-b0b8-4a02-9a7f-b7f890d9a6ef,False,83
b307f584-dd7f-4df1-b208-0d50b555b68d,False,67
538b36d7-d436-4ccc-9a54-4cfef19a857c,False,100
9748ca2a-9ac5-4991-bc98-2ac6a7a786ec,False,76
95389469-b592-4a4e-84f0-9500a9af16fe,False,82
f522f9f9-5ed0-44e7-adf8-8582f18814ee,False,119
956c9448-0a07-4435-b7c8-00390741bd3d,False,116
4b826133-0194-49c3-b150-8388c5145229,False,67
25212bf1-ace1-4e59-8450-812dadb68b0e,False,81
f18637e1-1e3a-480e-bd00-80f0692f393f,False,119
8d3b3009-e701-4d1b-aa83-dcd8926da061,False,55
918d9443-ee9c-4c0e-a832-65b0deab326a,False,83
b6371cc3-0bec-4520-b5b0-09fcc0008268,False,117
6dbfcdfa-f41d-4701-9b34-f381f9c8ee4f,False,62
41c7d91a-1cba-419e-9a12-ec501d8e8bf3,False,80
cde4f488-778c-48ce-888d-80d951987412,False,149
af1bcf4b-7e24-41f9-9d39-268d150dcf5c,False,73
07ac4774-e4b8-4685-b698-5a6bb9470173,True,95
4a4ba727-b9c1-4406-a209-00c420658df0,False,89
c7edf96b-763a-4bcd-812a-fe6e2ec66117,False,107
7c9ed642-7a4e-436c-97d1-4347be3434be,False,76
fc48b02f-c893-4bac-a927-b5684f2ca2d8,False,111
61d4fdb3-db18-4b2d-bec7-f2ed86b062e1,False,148
7d9bb8ee-7c48-4f57-b111-f14298af2bd7,False,90
634490d7-517c-447c-9971-ba73d8fda09c,False,138
dea2bfd3-a8c4-4f1e-bcfb-c1e369f51766,False,71
d22b2c2e-98c3-476d-b4bc-cb85b5ca30b2,True,146
5e3cb2af-daef-4688-848d-e4c0560f5353,False,74
2a535f53-8872-4579-a8c5-a516df55cd02,False,62
5741768d-d907-40f5-b696-f30b12e9ada1,False,142
9c69a242-f3b7-4d48-8357-2f6b58cc0f78,False,97
f541834f-0b18-479d-9630-d2745fcf014f,False,86
c19dbdca-7d31-49b3-93e2-a2acdfb6ad3f,False,105
df70c467-f04a-4ce2-94a9-3db374f73384,False,148
b02fc53d-6173-4c19-8f48-27b0298da94b,True,126
67908879-cc64-4cb8-8d22-662e9197148a,False,148
ca3d775f-9381-47e5-9ff3-32e3d9400196,False,99
e9311464-26d5-4c3d-9956-8fc36529f05e,False,92
8de98185-fee3-4527-95a8-19f3e208ef12,False,70
925176a1-e1ea-4b1c-8d69-3e2d88381d62,True,111
9003bbb1-0998-4131-8aab-556e035859b4,False,75
6fc37206-69ce-4b44-96ba-8a62c60e9d24,False,139
c93a9cac-547e-4343-9182-67bd15972f5e,False,139
b1bc0559-b3a2-4f96-aaed-b5e875185fc5,False,95
8d4264b3-1e9b-4986-be0e-732ea4e8f1a2,False,107
09d145f2-cb94-4a5e-ad68-758178243851,False,138
870bac32-6a10-4d20-9c79-0b44151b33bb,False,69
fd78a5f1-46de-4d5b-a43e-6ee5f7a5811c,False,90
202cf90b-b0a9-4eba-a0bc-700b8c2cb379,True,73
035c3f8b-35c5-4bcd-ac5e-45d65baa3f62,False,133
2f6afb87-a870-48f6-b071-7029bdd7c1eb,False,70
7a56d753-e557-4cb7-af51-68c748be273d,True,81
bad61b38-c893-4a16-8a28-b6eec6082662,False,126
7ca25cf4-de35-4138-ac98-36405df02a8c,False,143
63ff82df-cae2-421f-84b1-43722cc904f8,False,52
334615d2-b163-4676-9af3-5a33ed3ed806,False,110
2ffdf6aa-e832-4216-aef5-f9f8a1a9221d,False,133
9ad563eb-db58-4d0f-92fe-f7a35e905123,False,80
875e003d-8d45-4331-ad78-83eb3cb2bb22,False,133
2ec78376-8afa-4e96-98ae-3adb6b96c8d5,False,114
c943c170-5f80-4b8e-92e5-a1d7ec68980e,False,99
712fde8c-4445-4500-91a5-7dde54c94f47,False,142
afab661b-87f1-465b-bb61-c70b3669c59d,False,114
6165de83-d8dc-4168-9cef-1404753b73bb,False,82
2ddbc00c-5e1b-4aad-a9a2-2613a9fd82c2,False,109
765a4b03-ccb6-4e87-a919-9853c392ec7b,False,133
2eea7349-b6c0-4d8e-9f72-5496e0f3e5f8,False,134
61d0dcf8-e4c7-4c1e-a876-788f7c7ff689,False,89
d205002f-9e27-479c-92b4-78e655b75315,False,106
e93898fb-625a-45f3-8798-3c23e5e6ae63,False,68
aaff40ac-f568-43de-ae0a-4b76d8bf56d5,False,122
13fa228d-e375-487b-bcb6-a494af8404d5,True,147
9ee2fba9-63ce-4dbe-9fc5-cd5235a534f1,False,73
41c2bff7-7d39-45af-a15c-8bbfc8dc1dac,False,111
82c4f616-7822-46a1-beab-9d47828cf164,False,54
1d138808-29e6-42a0-93ba-a6463256c3d5,False,100
63533b59-a760-4cfa-8fa0-879dfae2b884,False,142
ab8d5a63-35fb-419b-b2bf-4b43ae6fe029,True,112
ec3f2884-e7b3-431a-977a-b71e6d02c9b9,False,72
47ab04ab-b82d-45ca-a26d-cc0dffc7f9c2,False,115
90c34df0-04fc-4da8-8567-44e7329c68a9,False,150
e4867dc8-83fc-4151-97a3-7d96c9a92053,False,93
95203ea7-0ba6-450d-8070-f807796d39b2,False,89
1fb74db7-f09e-4f88-85d3-c7e328df8ca7,False,70
5886c0ed-b23e-4e72-b0d9-8a1bbb505cc9,False,115
b28ba283-95c2-4d9a-b872-8a5ffd02a4ee,False,79
664ae896-c219-4fe4-81f1-e8e5f83794a1,False,66
12dc5ce6-2762-4c40-8e87-90556e67ab7a,False,145
339c0322-60dd-4061-8a9a-44b912f2edb5,False,111
51b5b8ff-1997-46c1-9647-7eb9a6187105,False,77
6d555c6d-e04e-4a9c-95e0-4f3391742d0e,False,91
4cc063bc-eb63-41d6-a04d-5321ad536834,False,134
de414d9e-6dca-4aae-af94-592a614e7bcf,False,90
3155483e-6c36-4781-a787-abd0239e95de,False,107
1fc1df89-6378-49b6-a6f5-15f147d8cfc6,False,52
4a9a49aa-a5f8-4f7c-863c-4e2f84adfcd5,False,128
ba66ba92-ce5b-4ede-b738-4786a288d7eb,False,116
d5f5d85f-db0d-4908-80e9-ce1a42ac1094,False,127
82d27c75-c111-409f-8fca-fd6f86f90763,False,77
29368ec4-e9d9-4a94-9224-6a0f82414819,False,76
0179c6b8-deb1-4269-b22d-d68c86768114,False,59
da8c2f22-c1a9-42cc-9429-20ba52297f57,False,143
947a06ed-e6d8-4ee5-a15a-713ee66ed274,False,60
ca81836e-764a-4831-8d27-a5a65154305f,False,127
c8b2b458-b2a1-4d27-917e-c4d48b7afac1,False,120
946c0b29-15ac-48f8-9812-b9af45483e27,False,88
f35eeb4e-c181-4da4-bbc3-1f7f26aafc24,False,143
dc4a8515-9c37-4a56-b9d3-739bf4fab706,False,115
608b07d0-f4d4-4736-9f91-8eb68ab2c3a5,False,127
1896e12c-7ad7-4a2f-8243-c1a16c9fbf76,False,60
768a5c81-66ef-4bde-921b-1c66e842ea1c,False,110
54db5ecf-5131-46a6-aba5-14ec270b4908,False,79
60cbb58b-be2e-4492-9ce6-13f91a727be3,False,122
131ef746-b172-4c00-bd40-9a6d1952e3ad,False,106
bddca233-64dd-4add-8df4-34489465e64d,False,142
9956a8ba-dee7-461f-bf38-efc2d867371c,False,117
1495f064-b63a-43c3-bbe0-eaa62533bcb5,False,122
c6479f14-1d14-4f04-96ac-9b1064d22d00,False,125
bf9aa881-6a61-4ee6-9915-46542f506136,False,88
900ce86d-fd76-4036-9a79-abfef0a713cf,False,62
37022b31-245f-423b-b3e7-27f94ad47465,True,103
1d601cac-c80b-4458-8d88-de6edb7f89ac,False,99
8f8ef1f3-64f4-4772-b891-2f7e3bdedfcd,False,134
f2fb7486-46a7-4c5d-88ed-ad790241c49c,False,92
9759ff21-0dae-4e15-881a-5fdd2c823890,False,91
bb59c8b7-6ab2-4280-bcd6-3cc4e2a32088,False,116
a96304be-b8dc-4013-9faf-cc656dc64ee5,False,59
ef6116fb-c2da-4147-9496-ffdcfe5d2e5e,False,138
a7300a5c-1a69-45c8-a74a-368b21dd1d41,False,103
c2f7f1f0-9523-4ba2-a881-001c5247930a,False,101
5e1a8a7c-c9f5-4776-a176-26f6a9a1195e,False,147
6f8c2995-6a8f-4920-bf84-1c0df6cfe0f8,False,90
e2039be2-4480-4730-8399-f982684b48ee,False,50
71c95dba-0834-4b62-8b3f-1e35117db8b4,False,58
40046c2c-f598-48d9-a837-a5b121d5c293,False,150
784b6b21-abc4-4d08-89c9-0858cbfca353,False,67
f2bf01f5-b688-484b-948a-fa7d1247f257,False,84
128a7b07-4400-42d8-bfa7-60be96a6c2ff,False,82
9ee1fb87-59de-4c41-b414-32af791d73fd,False,148
a05219a2-16d8-4bc1-a72d-62feda51438d,False,104
00ff562c-473c-478a-bf6e-86d3fc270fec,False,132
3baaa7c9-41ee-48a6-9569-117d7ae5a135,False,109
ff7aa235-a5b4-4dda-9507-536766e59b64,False,96
77f1e63d-f5d4-4f91-ae38-34403481c9ae,False,105
10ad0c18-9ad9-4291-97b9-8f780446176d,False,108
96971d98-4528-436d-93fc-e29eebee7b56,False,98
5314e8a3-b0f8-4076-8e58-d714de79d601,False,69
0d56d5e8-2a02-4ba7-8f7a-ebd7adbbc3b1,False,131
64c87841-d2d4-49e0-88ab-2dd027a41392,False,98
9f669c34-c532-4972-94d4-7c48927c0f76,False,134
f8bb44f8-3f98-4357-8a46-6131f3322b27,False,101
b0cd7d8f-1923-44fd-89a7-d4e3ad32eaba,False,79
142510b8-7a5a-4826-ab53-875c4e4a99d4,False,93
bc64f1aa-a618-4a2d-b5d9-cd178ce96c2a,False,119
bdebc420-bd42-4a92-910a-17199f05093a,False,139
77dbb9a1-e1e4-487d-bf67-e0c07def11a6,False,68
9e8d5cea-b989-4643-8033-5c13f3e8ffe3,False,59
89b573f6-96e9-4094-b152-2e64d9a14f00,False,105
10bf5b84-90c2-4d1d-af42-9c59ed1c51ca,False,76
4dff3a0b-4a6e-4792-98a8-745b4bc76323,False,98
f7fd865f-3c4f-4684-8fcc-2c2941c6c1d7,False,68
9a881d28-2a10-4c62-8e59-68c662b5904f,False,136
2b5a0dab-ba6f-448e-b856-8ad56956a65f,False,64
20768dbb-d1c2-4757-b509-e301ef845129,True,138
cc486688-c95b-4f19-a1dc-bcd380b9fc7f,True,56
d2ae42a2-8506-4717-bc1a-6dd20b8383d0,False,78
f2953175-79f7-4237-8307-0b10a24213d0,False,55
9fd81878-3aa3-4e23-bc12-af1404087f44,False,139
fae0f905-f151-4d8c-bcbd-ce6779f74e74,True,139
79bd2781-1193-41e9-820a-40985c488e5d,False,77
225601cc-d294-4e96-8439-a610c43a90da,False,137
257efb9d-454c-49ca-a454-afebf084d48a,False,129
3fe519e2-ffed-4153-9940-d577eb0d25c7,False,110
b25166ea-e8ea-4ac0-8787-74b6caaa1a6f,False,150
69c3e08a-ee14-4117-ba67-5811275e73f0,False,79
1de3db26-57ef-4c03-a244-235df58c249f,False,119
13caabbb-54e7-454f-94bc-3c635dc760d1,False,131
812cecff-4a87-45f1-bfa2-79d91ed8ba68,True,55
bb720d9f-8cac-44d7-8777-9e8f685061a3,False,123
87ebc38c-2f12-4cc8-8a3e-71de5e81c500,False,81
4e3490f8-cbe3-464e-ab92-9e700de9496d,False,115
6a8a4e4a-8dd8-4e7f-b582-c9f2dfe8db81,False,102
52beb22e-39cc-4b4e-8c9e-fa8978e17630,True,140
8791b52e-fe71-449a-a3a7-6e7fa75c90bc,False,67
f57881ca-2955-4e11-87c3-5cb2730cfff6,False,98
7b48f59b-1b26-4062-8372-9ad949e248d1,False,138
38632dfc-2e83-4c44-8b6d-750b27bf8b1b,False,123
49126953-15b2-41a6-aca4-8966f06147ed,False,125
86a131e0-1c01-42d9-bf5e-5fed079c5c42,False,66
cf487f4d-0df1-4b65-b435-0217aa19ced2,False,102
0af86f78-f5fd-461e-a49d-73ef6c68868b,False,64
1830ead4-d0bc-486d-862a-40d6bacf81be,True,56
68ecfafb-118b-48b0-8a9c-4ce8cebad33f,False,115
fd65a8f6-3b6f-4f5f-8561-379b6107a17a,False,129
c0532666-1e93-45f8-aab3-9d5d940a4f02,False,61
32e400ac-4441-417c-a4a9-0f05505b664c,False,87
6d8a77dc-6929-4fd7-adec-003b65eed6d2,False,147
ccacc734-f4fd-47e9-8059-299e07e1fddf,True,147
aa7cb5b0-191b-4422-ad8e-21d66df369d7,False,104
94e8f7cd-69e1-4e3d-adb9-46206b019118,False,71
bc8794d7-f8b5-4119-a3f1-de6d2858cd3d,False,117
89ebef0b-40a3-41f5-8fc2-a56f907e3523,False,67
95b8e9ff-2ac5-4852-bea9-69313a2bf55c,False,95
9d084aeb-6c47-464a-bdb0-7d50d2c95774,False,147
363c308c-7503-4b7d-b4fc-28b286c005a8,False,82
5ca86647-7d44-464c-962d-59e42acb9e3f,False,101
201db21e-8788-4e63-bd2d-63308acaa007,False,137
e63883c2-65c8-4df5-8e57-53897c976150,False,112
a53aa624-ab99-4726-a431-9e2a8eee5edc,False,113
378e7929-9385-4621-8428-11892927f06d,True,141
596d163a-90e2-4bfc-86c7-582254bfa1b3,False,55
992ef490-cd4e-44bf-9703-9c8719a83ef3,False,80
aa346760-db04-4659-8bee-8c4d10f74d91,False,114
7110a937-daee-4b44-aa4c-bb88ab2f3b68,False,147
b6d51e62-5f65-4371-86e2-e474154a4690,False,57
b941acb4-fa5e-47e7-858d-af5ea2d1287a,False,70
da1e0dd8-a458-4fc3-9add-731eb4318869,False,125
002a3205-623a-444a-bc85-28ec98f48b97,False,59
8dba195c-d381-4680-91d0-6fa78ba82510,False,116
93991fd1-d924-4d9d-9b80-1635cfe6634c,False,70
6bc4bfd7-4f47-4d2f-866b-e15f6edfd06d,False,139
1cde98ab-6a8d-4120-ac1e-3cc1786fc0c9,False,134
b73d8680-6a87-4be8-a15c-10f89d61701e,False,67
ddcc0908-6ea1-453b-8d1a-87c1814f079e,False,65
afce18bb-a4b6-4a43-9868-62e70ae1a8b5,False,73
86ff6661-44f5-4c00-9060-f5816c200a59,False,126
98fc0605-556d-4d7a-9235-ba5bd3e222dc,False,118
1cdb1b6e-d993-40fd-8f16-975b08af157c,False,98
34e182ae-f09c-4a82-872d-2e450fbda6a1,False,132
8bbf8906-1c10-41cd-bd6d-713a7b621c2e,False,80
50fa6b06-f819-45fa-9635-c9481a97b72b,False,75
25b76d5d-2af7-4ba1-a4f9-28619564e4bd,False,135
8456e647-c5b6-490b-b0ae-c899616b0a73,False,89
5c04d513-7832-46f8-84f5-2bb76ef91536,False,68
d437d6df-ea24-4183-a2b4-af3abe5c05b9,False,91
e9314a0a-7aeb-4b98-b82e-d3535d29c9d7,False,50
418acf28-0084-4690-953a-c34aedf6bcbd,True,57
d630fab3-d62e-45f8-9e40-9f460aa466a9,False,68
dcfff883-9324-48ee-a9ad-9aff3cbb401f,False,56
e2d7942b-aba6-42a5-a5c5-1d52bc45b261,False,147
5d9731dc-57a0-4e4c-989c-686be13654ac,False,97
23984e50-d828-4207-9a89-8946610e75f9,False,115
62209f63-7359-40bb-8475-ae78d76f27d9,False,61
11e94897-9157-4873-bf4f-da28047991fc,False,71
19fdd813-439d-4c53-8b17-bac5c7032176,False,73
b3668463-70b5-408f-bde2-cbf8a5edd0b8,False,149
e9ef2da7-33ab-41e3-a552-bfe22e5707d1,False,58
b1c4b4cd-69ea-4d31-b1a6-7b8b7508f982,False,95
5aa1118d-8620-4016-9882-d2b0d3916f09,False,118
b40991a1-28a1-450e-956d-f36d48391e7c,False,116
72d2443b-91ad-496c-aa41-1f781e8d3af8,False,70
d9e93637-89f7-445b-b8ea-4201d7b403f0,True,130
97926da3-8d5a-4436-958f-6a1196af1aa6,False,130
bf21bd21-97fd-4be5-a944-5af86ba0d446,False,52
6a6f4782-6952-49ae-bb2e-35e834825c54,False,74
4974d829-4d92-43b4-ae2a-250b3c6a5928,False,134
06e72816-efde-4e44-8eae-5c5fdb0af835,False,124
ec1cecb7-87e0-48cb-832b-a446421e5ba8,False,101
705c0360-af71-4cb2-a04d-8af5ef120023,False,107
b538b2f0-39b4-48d4-a5c3-d992bb4f31ab,False,113
aaa8b7e1-e979-42e9-aac2-b338162b99fe,False,59
98d28f36-7955-400e-a0f4-f472d83e99ed,False,131
a5fec6f4-3d3d-4aa6-8ad3-1f6d89cc1f0c,False,81
c35361ed-fec7-48e2-abb6-059f14b26460,False,118
f80223b4-e07b-437d-bce8-47a3bdd31d11,False,82
df3ae70e-42fc-471d-9198-36a3a09cd1d0,False,97
2eecbb40-dce7-46e5-8a70-fd8563400895,False,50
2f244d8d-b100-4850-867e-ef3714c46437,False,142
ad90bd0f-4aa1-4847-89cf-af053ba1519a,False,66
132ca923-b92f-4468-b305-89dcd674d392,False,120
6138e16b-011c-40a8-b126-e6c7caceadfe,False,100
7e531fb0-bb88-4001-9174-286741d391a4,False,83
484b8e3b-3ae4-4be5-8161-118145d4a271,False,80
1ddce1ad-5157-424b-937c-becc581a1dc4,False,112
5ccf7bfb-66b1-4257-a1f5-11aa7299fc84,False,66
7dc187f2-4a33-4db0-8800-a14475208f29,False,93
818a102a-c258-4e6d-b269-d4aa2bc5ac2f,False,115
ca894bcc-3195-4c54-bf41-7b4c2c7c2b3f,False,123
867143e7-a154-4d5f-8219-fe43529945d2,False,138
2cde29b6-e205-4d92-9054-50aa38a31895,False,141
872527d5-93da-4ec4-8da2-843876520288,False,92
67074694-01ef-4ad0-96e2-696f9703f9ce,False,128
b254e45a-1105-465c-b0db-68d8bbe0bf4c,False,76
f69d71bf-b6a6-4710-bff5-7ad105692f3e,False,141
6667e445-4951-4f82-b632-ebd49d453c34,False,74
fc90f994-726c-40e3-94aa-429f91892f32,False,124
d4b72b9b-8397-4bee-85a9-7403633db4da,False,134
e729791e-fdb3-4056-a66f-085c6bf75090,False,93
f2212fcb-12ff-4c74-9db8-cb84c1208dc8,False,105
5873f332-db6c-4f0d-876c-e046300928da,False,147
15246be9-efb7-4024-818a-742762d5bfce,False,64
1f9fa0ae-4aa8-4504-bd0c-4e94e1020695,False,111
b58ab016-0fd6-4d94-beda-007fdcee3699,False,68
b863cdc5-be55-4a45-9afd-43bf880d65b8,False,112
a469ecd5-1abf-4653-b2b4-041150141243,False,111
71fa5888-72f0-4b55-8022-00835c795816,False,103
1d4cc541-1dd3-4e4a-9b7c-d39485a4125b,False,62
664a06a8-a171-4877-91ac-2fd3935f8410,False,149
e2cc41de-b4d7-4146-8319-6d03527108fa,False,129
adcbcc98-757d-4777-9687-efabe3b9e584,False,136
0418bee7-05eb-4e50-8b3e-108cf130adff,False,70
6288203f-ec8e-471b-8616-fccadf16c65b,False,100
17c26463-9906-4101-8cd2-af9973166776,False,84
6a16258c-9f6d-4ab4-9237-533b362d37f9,False,69
64093fe6-ac18-432d-87f6-f0fd94235271,False,135
13c6c353-9697-4850-b7a0-acad951f651f,False,62
00216e99-4357-43a2-b1fa-ff5c90c69e64,False,136
a9d5b001-e02b-4f4a-a8f3-df34252a82d3,False,96
c2071899-ff57-40e8-a0d9-7e48dcc35d64,False,61
e9d949fb-6b4b-47e1-b767-193aa30454ca,False,123
61cda643-bc32-4e3f-98e9-2eccfc9473e0,False,116
6692cce4-905a-453e-b122-68b79956bb89,False,84
90192921-c30b-438f-bcae-d94d33ca1363,False,87
7e699fff-c02f-4244-a36a-0918fce63a40,False,98
5d27ef47-d9ee-4a54-b658-adc40261307a,False,104
32e08e71-501a-46e4-8da1-65c212fb8482,False,65
d4a9fe8b-e47b-4420-8cf0-743bf61f1eb2,False,122
be62b941-ceff-4715-9285-b5fc0a3f71e8,False,80
406534f9-470d-4a6b-af3e-3d64c752b8d1,False,107
7ff79d63-f800-4ec7-a2fd-7f3e7d1486b3,False,76
e11d561f-d98b-4c80-b09a-ce8926aa27c5,False,106
fdd626e9-7ff6-46e4-bb9f-9b0edf6f008a,False,72
ca728cdf-b52f-4bc6-996d-d0bd0d2807aa,False,79
75ad6cbd-a3ea-4348-8cb7-401a28b1a14e,False,133
e47588c7-e18e-46e0-aef0-652bccf29a68,False,52
c7b639d0-670f-4611-b0ca-735e219261bc,False,60
f4170f90-c861-4a01-8883-39e8071b6a2e,False,121
5057098e-55d0-4c29-91ea-1a9bbe2a81ab,False,74
b021587e-a246-4a96-b290-f5e4bb7061f8,False,66
4fbff779-e923-49cf-a5d5-5bc53756ee39,False,78
5deeb010-77ee-4275-99a5-ddcd3a574fb3,False,58
fcaeb148-1258-4e88-a5b4-86ea766a1cfb,False,86
3ed0873d-1428-41f6-8891-4a8603490414,False,134
ca164916-c2c1-40aa-9482-ab2b5460f000,False,95
102c1a31-8366-413e-be9e-9fa4727f5aa5,False,91
9ec4fa44-45c7-4cc0-9cd7-50e3994a51a2,False,62
1b8ebf4b-0404-4f32-8360-590b12cfa225,False,64
7491afe3-586c-4f03-90dd-9d393db56910,False,137
741ee31f-7daf-4b67-9164-05aabfdab7c4,False,99
eb783118-ca8f-476a-a60d-6e040620617a,False,140
eb9bb498-9bcb-4f3e-a9a7-9201c6d9c184,False,64
bf3bbe05-9478-4786-be80-b7e11f25da01,False,50
ab77e16c-2c28-485e-93a8-3cf8cee3a0ce,False,129
665e4560-adf7-44cd-b571-01868841fbe6,False,129
96424dd9-efd3-4b48-b8e5-c927fd087647,False,82
ada03433-abcb-44f6-8323-20193e81487c,False,138
30dd0069-39b8-4f5c-812f-f0fcba19fd2e,False,82
73458ea8-0413-4a59-8889-6f8dee26aaef,False,91
039f0946-3c28-4790-8a71-010cf44463a6,False,105
1e1f89b1-76fc-4135-a9e2-ed3d4ff5ee8a,False,111
3776ba23-c31d-4868-a7c8-8757b471e0b2,False,132
e82dd308-dcbd-4b7e-852e-9242752fe7ab,False,125
78bf4a3b-7643-493d-8b64-6cbdb84eb46c,False,95
c74f3fc1-eb4e-4aa9-9400-2062696f3150,False,62
c77ec0a3-7081-4881-b55c-94046e5f9a41,False,126
de82d3e8-24c6-40c5-a022-f1d15a744be8,False,122
acb5375e-1b6e-4cb4-9422-bcca83b08a12,False,99
90e2f58f-f0c0-4a42-9cc4-88ec33d317ab,False,52
1fbe84ac-c812-4a7c-8eec-b8aa666c2df0,False,126
beccc89f-3a66-4979-9009-58a9fa3ae4ab,False,93
ec4be06e-e999-4742-9fb0-ddd75e182b25,False,120
d953f611-1a81-4920-a5f7-583d01e8d95c,False,65
13261180-b80d-42a2-b796-df488dbaddb1,False,130
c84344d2-485e-4dab-bb97-bef9248ce48e,False,114
f5e214d5-6b47-4ec6-87b8-1b841569b897,True,84
333a768f-32a5-4ae9-a60e-4dc8bea42874,False,117
5d26b2c9-a65d-46d2-9a2e-1599c9554864,False,99
b6d4a8ca-fd6a-4c50-bb5c-43e13b794c52,False,52
b3afb37a-e9e1-4af5-9adf-f4f1daf63d7a,False,75
abf977b8-e0da-42d0-abe5-99455607aa24,False,131
74c96c40-638e-4e12-8277-8650ad2b9ad3,False,101
a2b2fad1-169e-479b-8418-f9ea864bd2c5,False,88
9d54b9bd-7fe3-4d7d-bdfb-78742d2aa2bd,False,66
7b390275-bc7d-4e1e-93d6-c5d7941db103,False,126
13c79782-6d67-47ae-b612-f4ca2a2b8315,False,88
7e5406bc-3bc7-4333-a653-e042543b4a07,True,141
c896c180-a713-47ca-b248-7867e40434ad,False,122
bb17d877-a7c6-4999-8669-1a5443f58181,False,59
f7ddad9a-61f1-4215-ba50-542e344e981f,False,149
017b10ef-b5e8-47d6-9c36-bcd76a6a10d4,True,71
3f30aa4e-5398-46b0-b06c-d5cbc719a811,False,74
d180c0a9-ef2c-4a17-aa92-1f6898bfc221,True,118
b92629fa-98cc-41ba-a8cd-03cb392c2e92,False,114
0e1060f1-27fd-4e60-a47c-ac6a4d0ca6db,False,68
8d934cdf-441e-41ad-ad91-2188951e67b2,False,98
925fd8a3-91e4-440b-ae06-583a6910f212,True,51
2ef40312-a707-44cc-a089-8cebe63bb56c,False,136
27ff4d8d-6d75-4647-9393-156b6cde2a26,False,82
4e47d3e8-7c33-4e9a-a95b-b84d23826d7c,True,95
12ac23ef-bbe2-4bdd-89f2-ad908e1cb18d,False,84
e97b132e-3918-4961-b2f1-84dc387c8fb5,False,150
48dd9a4f-277c-4f6c-abde-5db33e52b0c0,False,99
c08e3eb5-1592-40c2-b02e-987034bb383c,True,50
971727ba-f59d-4e2a-8525-60624341ed88,False,50
7d52e2a0-e234-453e-92b2-8b981f17a25d,False,98
282f48a7-3bed-4949-873d-5efdde7deef2,False,127
f0f9d06a-2350-4580-a55b-739d0d77b66a,True,78
cf4f1e1f-9b0a-407b-be00-53bb6b2b85f0,False,64
9390309e-4c49-4f10-9ae5-01d2c3edd3fa,False,82
7d0187e8-964a-4482-a8f3-4d2a6aabd225,False,103
56fdfbb9-58b9-4017-a50e-1c8b75677999,False,137
82a6da96-52ed-46f1-8a2a-12e98adcfdaa,False,137
9734435d-a3e7-47c3-9f65-08e9b0a9dd8c,True,68
a39864fc-b290-4bce-8d53-f2a944abda2c,False,116
4f3be29c-bb45-463f-bdd7-d720ab6d08ea,False,123
73c06139-8905-4058-a5f6-8c5b8e217512,False,93
cd850e47-988d-411d-b1d3-b61c5370d8b3,False,73
dc96804b-83ca-4a4c-9144-b2aaf66784de,False,87
3ec248a8-0cf6-4da0-8259-acd2d6a858f3,False,119
a37deb4e-9eee-4648-b7a5-c53108c2fcc0,False,118
af65944d-68c2-444f-9b77-b6b434533aa5,False,73
66e3cdb4-cbb9-49c9-8113-e98b1f586fdd,False,128
7214c9ce-4578-492f-b55f-0fbb3b817147,False,80
523c2f35-d857-44a9-999e-12cc7e121779,False,50
6b5291a4-242b-4252-aa6c-f203b75e0060,False,70
734ae844-d00d-4458-96ba-a08bc53d74f3,False,121
44bb50dc-eb68-4522-8139-10c886a1b8bc,False,87
2197c0fc-3663-408a-a646-9d12cefbc626,False,130
c255b2ac-068e-40cf-a234-059ba209c051,False,103
8a4da73a-65b4-4106-bd0a-37bf18a65a0c,False,106
d67797f4-3e20-49d3-be56-d7cc9ebd79b3,False,96
50651ec0-c30f-4537-a43e-d7cb7616d3bd,False,145
620ef0bc-233e-4614-8b5e-e9fcf188ec9e,False,119
dbfdd428-4109-4dea-8474-979eb9673507,True,85
9aed7e23-3be1-4881-b04e-e2f16184eef0,False,138
a2797fdc-ab7e-4e94-b76d-dc9723a5ab77,False,116
773fc0e7-e793-46fd-98bd-14812c7a69a0,False,111
42779fba-c885-4027-b3f7-7b8c67bf159e,False,53
7d80b4f3-2481-4572-af33-d03016edde18,False,81
73cc00b1-051a-41d1-8739-b176d59fb6d4,False,54
fc5eaba4-4d13-4f41-8c1c-ec207227e216,False,76
d015de84-7e90-4251-8003-b06359087eb6,False,56
473baaa2-3b67-40e6-8f8d-eae084673379,False,60
0412beed-47b7-4d50-90bd-1919c882989f,False,82
d8efb911-cbea-40a0-8cc5-49922e9241cb,False,142
92bc0398-cc6e-41a1-afa6-465a0f3dd0dc,False,98
ffbb20aa-848a-4350-a5a0-8756d4058d7c,False,65
82a0e673-e1ee-4933-b346-b78820d1e4ca,False,58
755a7e67-acd1-4fb3-a138-a9fcc5d29de7,False,64
8d3f5c60-efc0-4b58-822f-7c3cdc180dd1,False,133
586c8dec-3b08-44b0-9cbb-0af5efdd3c1e,False,102
a07c0f0c-eac6-40cb-b6ef-94e3f2821873,False,107
f3f2d511-c26e-42ec-b287-589265ac6e7a,False,70
9ed03750-0217-4599-85f1-fa07fc3cbb60,False,99
f43f4a16-f423-4bb2-a8ad-eb87bcb8b5ab,False,67
a52552c4-1c80-4fab-bc1b-f620ef8d2798,False,54
da1b9512-000e-430f-9186-0bb3853b1ef3,False,99
f8d246c2-a4f8-42c4-bc79-37c7e9acd4b4,False,71
61af99e8-7b8d-4b8d-b5b9-eea661851acc,False,130
cc1627af-071e-439b-93b3-3a59268e26cb,False,133
f4e4104f-5fb0-4cc5-954a-0b38d2d00c8d,False,92
459cafd9-798a-4146-a975-77979ad82a70,False,116
4349b7f6-999f-43da-b70b-283850fbc66e,False,119
e5835584-9bde-418f-9305-d4c0ce577529,False,123
9daf2781-9fea-4afa-a23c-5da0188b728a,False,101
ab4ab510-0eb4-4439-b6cd-fbd67bae90b2,False,114
78093b55-261f-4102-a7db-9163abe8fccd,False,150
b931a3a6-5e1b-4526-af19-11bdefca4050,False,144
9bbb92b0-a514-4a8a-b361-b223765a71f4,False,56
3f70ae72-bfeb-48a1-8f6e-66602ac6f0ef,False,105
cf2ca99a-df5c-41d3-8d85-bf8fd98486f7,False,126
120aa072-646e-4c36-9ad3-a073542391b6,False,128
4aa0d270-7c3f-42a1-b9c9-9bf53bcecf54,False,51
701f80ca-678c-4a90-861e-efac94de4f4b,False,71
419a35f5-9a95-4c63-a4ae-681ed1905e01,False,89
37c5c29c-2440-4f0e-9ffd-b5e28e0183ca,False,80
0a36eabb-32c5-4402-a7b6-77e6131ffc5b,False,71
ae0a78c8-f798-412f-9e47-189e2452712a,True,122
4b258ef9-ddff-4e64-bacc-4c2bea8fd733,False,90
18276093-f306-40e3-8552-f700e84b9690,False,134
2bd78ea0-e118-465b-ad46-96d78c0e6a44,False,52
acd6138c-3a5e-443a-b146-aa15d547bf56,False,61
6d937a16-1738-4697-9c39-529b7821f975,False,60
1b43cef0-ac8f-4483-b35a-1762d58bed20,False,80
27df515a-e1cb-40c1-8a2c-111881e76484,False,107
4402f01a-cbdd-422c-8a11-62215d291989,False,122
20d6755f-7207-4e6e-8c55-75c444ce62e1,False,144
ec312282-ee9b-4026-852f-b14107240567,False,51
624307ac-ecd8-4822-8b4a-5d466fd546f8,False,65
a9a4a0ed-aa05-4ec2-9259-e8ad724fc0b7,False,129
4b3c41ab-366d-4b53-9cb8-969e811fe862,False,65
2fd6f85f-f6bc-44e5-ac0f-75d333e8e17a,False,90
965df7bc-e105-4899-a882-32539af6be5a,False,124
d264a73a-b5b8-409f-984e-009715915ec2,False,67
fea82a93-51a2-45d4-bf6f-3e59f811002d,False,122
60a3edb4-b7de-460f-81c0-7e6f3103420d,False,140
d43b6e26-b540-4ce4-a351-a9568db57724,False,65
3a08d251-ab42-4f84-80a3-9b8fc14975e8,False,137
f9e82a40-0669-480b-ac61-c92d884efa9a,False,119
7a17443b-857c-4a19-9abd-cfdcc86a799b,False,118
0b8edd19-9e2e-4e66-bc51-aa81072d1ad0,False,145
a299910e-a6cb-4a09-911a-37905b26999e,False,101
8578ec6b-74c6-42f0-bbba-af1bcf7b6276,False,64
9cc31dd1-55ef-4af6-a7cc-2212e8ce2ff5,False,142
ca543396-ff65-4724-bb0f-6539b3b4726b,False,96
4dc80ee6-50f9-418e-9c04-fa0a537352f2,False,108
1205f423-6bd8-458a-91d2-0dd4514f110d,False,77
f4e3230c-4278-4154-b411-92546c023a73,False,73
2fc4828e-5512-4f5e-9f68-83f92ca10b42,False,100
63b5b95e-b827-4dfa-8bf3-cc91d4da5f48,False,104
7696f6c7-f67b-4083-a1a3-844a65d7e544,False,109
18aa18d5-146a-4aaf-9521-481f7b036421,False,91
c158e1d6-d195-4c0d-9ba9-8d02517e24e4,False,133
1c61f96f-03ff-495a-a540-3ef24239a47e,False,105
40ec187f-e57d-4030-8a33-e2b72e182243,False,129
62725c9e-481e-49cd-b3eb-951e7873f608,False,57
a81cc60e-4a10-4b59-bd70-95198e9ed8cb,False,116
113d8f2a-84d9-4f99-afd0-d54aae3b2fdb,False,107
f8790c75-b8d0-44a8-8a93-b333e73883ef,False,113
724cca59-caf5-4e26-bde0-99e7fe007918,False,86
3020e1a0-2b77-4e2c-8bb0-fef0d9510b79,False,119
8a9da783-4502-4e2d-82fe-3ae7fbab84fb,False,112
f5243fcb-bbef-46d5-b9ee-5a40651deb77,False,145
c7d11f57-3269-4868-9d7e-c928a9d16e50,False,84
306dd383-9867-4573-a99c-6f6de0f38f25,False,60
c565aded-361b-4105-8267-2eb8978799e0,False,103
400cb8c3-3f26-4fc8-b4ea-d053069a0d3b,False,134
0b09a9c8-5aa6-4004-9f52-d7e50e7486f6,False,99
18bf699b-676d-4dbb-b7f5-53ef04a7b0c8,True,57
04e23eb9-c1a6-4919-a514-74fe9cad6c56,False,122
cc962a07-d5a8-491d-80a1-9f9874cc621c,False,79
2842a727-5356-47e8-9b28-2e33781992e2,False,148
13ed52b2-4c64-43f2-8ba6-e1498caccf56,False,67
4e5e7453-c490-493d-b88b-ae128805e331,False,51
4b2ff382-2680-4d18-9dd6-e158b8381204,False,102
baed3114-1ac8-4757-ab05-aa704e0e4161,False,58
967128e2-1d09-449a-8da2-8f1bbc2ef53a,False,50
4e2b8ceb-0c50-4105-bbfe-caf9ea5f0c95,False,100
35015cbb-8339-47f0-92f7-98437b5c979c,False,89
eada4a68-a45c-459d-abca-2354940e2764,False,128
2116a8b2-2a88-4b03-a032-15f6cfcc49a5,False,124
d7a44bc7-61de-4498-beaa-cfddb2750b49,False,95
0bd7bcca-4e62-4959-b85f-f42fb8a8c321,False,73
d0201bbc-9da5-41f7-97fc-921aa47909d5,True,127
e8576cde-9012-45fd-b8b5-96a70ab5e17e,False,51
9122e85f-6cd6-4b46-91ee-22f74b50097a,False,104
4a7dd405-7f18-4472-ab44-092d821ecd73,False,75
0884e00c-ffbe-4fc3-a5a0-dbd49ed4fd53,False,118
74f3c6c1-d1bd-45ad-b6a8-9636a6f12dbb,False,150
b952dafb-71d3-4b79-a023-ca8885a659c3,False,60
05983c31-6627-4463-a83b-ed61a4d3daa4,False,142
477aa60a-e55f-4eba-8e93-b815dac8d53a,True,141
de101af7-845e-4815-8dfc-a6a6f9df7b85,False,94
96f6f048-2c20-470e-af4d-d27e6acf99af,False,74
648e180e-a0a6-4829-a99b-6b80101b783e,True,66
746c5f9b-afb8-4711-8e2e-0d6c99d1dba9,False,67
5ab1880c-6376-4df2-9e2e-4ad9ad509ce5,False,55
ee07dded-271c-4c54-a37f-bc0717fdddb1,False,129
a7057817-529b-487d-9aae-9bdc0b5e8b79,False,136
3f0abfdf-9717-4074-9df2-051724e6f234,False,123
0aaf1a21-fdb9-447f-80bb-4153b919fd45,False,123
d4c85cf7-4c78-48c0-83d7-4ff6ee17e190,False,111
08c8ec5b-30c7-4ca3-9717-652ec5fc2af8,False,73
416636ae-39c5-4f1a-bddf-8cbc155ab474,False,137
4e49c102-6c04-4ff3-8518-1e0ff0ae4bd3,False,121
0b219914-4854-492b-b9f6-739438df841d,False,66
8d898907-3d64-4464-a863-b8bb38e8ba3f,False,105
40d5bade-ccfb-4bee-9bd7-b8fafd6f1c7c,False,58
108f39fc-1436-4d09-94c2-a7735b2e2437,False,94
8c74ddce-8f1f-42ab-98f3-22e021e11ff1,False,62
9e49d097-cab3-43de-bf11-4971873b4856,False,90
84bb72ff-72c3-433b-b0c9-f1ed0ca931d7,False,85
02debc68-5caf-4f41-8847-b0410b66ebee,False,140
2261ea15-09a8-49e5-8036-df629317c2c4,False,148
52a30b01-abc5-40da-99c3-11b405a961e9,False,86
986ef555-a4f7-4d73-a03c-224c1389a8ae,False,97
fce50394-d586-4ede-bcc0-46305d3b9d9e,False,143
03fc99ca-29a8-4090-af10-b9c113bb1e6f,False,52
e5746a8b-1302-4503-b312-aea7f5ca0f9b,False,116
3641ab9f-6b38-456b-80ba-932ebea074d6,False,77
13df9bb0-d2e7-4319-b194-3fd503a9ee1b,False,128
db0177a7-bc49-4632-a6e6-79a05e932b99,False,51
f38e6495-0de5-439f-bcab-04bff4362f41,False,141
fbfb9009-541f-45d6-b511-46accfb85361,False,65
87c2d078-bd69-409b-bb8e-b83fb25c3517,False,101
